{"stats":{"minecraft:used":{"minecraft:stone_sword":45,"minecraft:stone_shovel":12,"minecraft:stone_pickaxe":20,"minecraft:wooden_pickaxe":34,"minecraft:iron_sword":8,"minecraft:rotten_flesh":2,"minecraft:torch":2,"minecraft:dirt":13,"minecraft:sand":3,"minecraft:crafting_table":1,"minecraft:carrot":2,"minecraft:white_bed":1,"minecraft:oak_log":1,"minecraft:apple":1,"minecraft:lantern":1,"minecraft:bread":5,"upgrade_aquatic:pink_searocket":1,"minecraft:stone_axe":8,"minecraft:cobblestone":12,"minecraft:furnace":1,"minecraft:bone_meal":6,"minecraft:brown_bed":1},"minecraft:picked_up":{"minecraft:feather":2,"croptopia:peach":4,"minecraft:andesite":2,"minecraft:leather":4,"minecraft:brown_bed":1,"minecraft:oak_log":2,"piglin_expansion:basaltic_blackstone":1,"minecraft:dirt":13,"minecraft:string":2,"minecraft:lantern":1,"minecraft:bone":2,"minecraft:apple":16,"minecraft:beef":10,"minecraft:iron_pickaxe":1,"minecraft:sugar_cane":12,"minecraft:iron_sword":2,"hexerei:animal_fat":2,"minecraft:stick":3,"minecraft:sandstone":3,"minecraft:torch":2,"born_in_chaos_v1:ethereal_spirit":1,"minecraft:sand":14,"minecraft:stripped_spruce_log":3,"minecraft:carrot":8,"minecraft:red_terracotta":3,"minecraft:rotten_flesh":2,"minecraft:slime_ball":1,"minecraft:hay_block":1,"upgrade_aquatic:pink_searocket":1,"tropicraft:palm_log":3,"byg:palm_log":7,"minecraft:oak_sapling":4,"minecraft:cobblestone":31,"minecraft:mutton":3,"minecraft:coal":17,"exoticbirds:raw_birdmeat":5,"minecraft:white_wool":3},"minecraft:mined":{"piglin_expansion:basaltic_blackstone":1,"minecraft:grass_block":3,"minecraft:sugar_cane":4,"minecraft:sandstone":3,"minecraft:wall_torch":2,"minecraft:carrots":1,"byg:palm_log":7,"byg:prairie_grass":1,"minecraft:andesite":2,"croptopia:peach_crop":1,"minecraft:brown_bed":1,"minecraft:grass":1,"tropicraft:palm_log":2,"minecraft:oak_log":1,"minecraft:coal_ore":17,"minecraft:sand":24,"minecraft:dirt":10,"minecraft:cobweb":2,"minecraft:stone":31,"minecraft:oak_leaves":10,"byg:tall_prairie_grass":1},"minecraft:killed":{"tconstruct:earth_slime":15,"born_in_chaos_v1:pumpkin_spirit":1,"born_in_chaos_v1:decrepit_skeleton":1,"minecraft:sheep":3,"exoticbirds:booby":1,"exoticbirds:swan":2,"born_in_chaos_v1:baby_skeleton_2":1,"minecraft:cow":4},"minecraft:crafted":{"minecraft:oak_planks":4,"minecraft:stone_shovel":1,"byg:palm_crafting_table":1,"tropicraft:palm_planks":12,"minecraft:crafting_table":1,"minecraft:wooden_pickaxe":1,"minecraft:furnace":1,"minecraft:bone_meal":6,"minecraft:stone_axe":1,"minecraft:bread":3,"byg:palm_planks":28,"minecraft:stick":12,"minecraft:stone_pickaxe":1,"minecraft:stone_sword":1,"minecraft:white_bed":1,"minecraft:torch":4,"minecraft:wheat":9},"minecraft:custom":{"minecraft:interact_with_furnace":2,"minecraft:mob_kills":28,"minecraft:interact_with_crafting_table":9,"minecraft:leave_game":2,"minecraft:time_since_death":32549,"minecraft:sleep_in_bed":1,"minecraft:time_since_rest":6871,"minecraft:sprint_one_cm":61013,"minecraft:damage_taken":370,"minecraft:walk_one_cm":72822,"minecraft:drop":7,"minecraft:damage_dealt":2110,"minecraft:swim_one_cm":2179,"minecraft:talked_to_villager":1,"minecraft:fly_one_cm":74829,"minecraft:open_chest":3,"minecraft:crouch_one_cm":9054,"minecraft:play_time":32549,"tombstone:undead_killed":2,"minecraft:sneak_time":3513,"minecraft:walk_under_water_one_cm":649,"minecraft:jump":427,"minecraft:walk_on_water_one_cm":1700,"minecraft:total_world_time":32549,"minecraft:fall_one_cm":8566},"minecraft:dropped":{"byg:biomepedia":1,"minecraft:bread":3,"alexsmobs:animal_dictionary":1,"patchouli:guide_book":1,"tconstruct:materials_and_you":1,"minecraft:slime_ball":1,"minecraft:sand":11}},"DataVersion":2975}