{"stats":{"minecraft:used":{"minecraft:stone_pickaxe":91,"minecraft:wooden_pickaxe":36,"byg:palm_crafting_table":2,"minecraft:apple":2,"minecraft:bread":2,"minecraft:stone_axe":75,"byg:palm_planks":16},"minecraft:picked_up":{"minecraft:wheat":37,"byg:palm_crafting_table":1,"minecraft:chainmail_boots":1,"croptopia:peach":8,"minecraft:flower_pot":1,"tconstruct:materials_and_you":1,"minecraft:oak_log":11,"minecraft:lantern":3,"botania:cyan_mystical_flower":1,"minecraft:apple":2,"minecraft:wheat_seeds":99,"minecraft:spruce_trapdoor":6,"minecraft:sandstone":5,"rootsclassic:verdant_sprig":2,"patchouli:guide_book":1,"minecraft:composter":1,"aquaculture:perch":1,"minecraft:sand":21,"minecraft:stripped_spruce_log":21,"minecraft:diorite":3,"minecraft:white_bed":1,"byg:palm_planks":2,"minecraft:red_terracotta":46,"minecraft:spruce_door":2,"alexsmobs:animal_dictionary":2,"hexerei:sage_seed":2,"minecraft:slime_ball":12,"immersiveengineering:seed":1,"minecraft:red_tulip":1,"minecraft:granite":2,"upgrade_aquatic:pink_searocket":12,"tropicraft:palm_log":1,"minecraft:bread":3,"byg:palm_log":8,"minecraft:oak_sapling":1,"minecraft:bricks":39,"minecraft:cobblestone":21},"minecraft:killed":{"tconstruct:earth_slime":8,"aquaculture:perch":1},"minecraft:mined":{"byg:palm_planks":2,"minecraft:white_bed":1,"byg:palm_crafting_table":1,"minecraft:spruce_door":1,"minecraft:spruce_trapdoor":6,"minecraft:granite":2,"minecraft:tall_grass":6,"minecraft:composter":1,"minecraft:bricks":39,"minecraft:diorite":3,"minecraft:sandstone":5,"botania:cyan_mystical_flower":1,"minecraft:red_terracotta":49,"farmersdelight:sandy_shrub":1,"upgrade_aquatic:pink_searocket":13,"byg:palm_log":8,"minecraft:wheat":37,"byg:prairie_grass":7,"minecraft:stripped_spruce_log":35,"croptopia:peach_crop":2,"minecraft:grass":14,"tropicraft:palm_log":2,"minecraft:oak_log":12,"minecraft:lantern":4,"minecraft:sand":20,"minecraft:stone":21,"minecraft:potted_red_tulip":1,"minecraft:oak_leaves":4,"byg:tall_prairie_grass":5},"minecraft:crafted":{"byg:palm_crafting_table":1,"minecraft:wooden_pickaxe":1,"ageofweapons:sword_blade_wood":1,"minecraft:stone_axe":1,"minecraft:bread":11,"byg:palm_planks":32,"minecraft:stick":8,"minecraft:stone_pickaxe":1},"minecraft:killed_by":{"minecraft:enderman":1},"minecraft:custom":{"minecraft:mob_kills":9,"minecraft:interact_with_crafting_table":5,"minecraft:leave_game":1,"minecraft:time_since_death":22747,"minecraft:sleep_in_bed":1,"minecraft:time_since_rest":6871,"minecraft:walk_one_cm":118242,"minecraft:damage_taken":500,"minecraft:sprint_one_cm":26807,"minecraft:drop":16,"minecraft:damage_dealt":440,"minecraft:fly_one_cm":22085,"minecraft:open_chest":2,"minecraft:crouch_one_cm":2582,"minecraft:play_time":30034,"minecraft:deaths":1,"minecraft:sneak_time":897,"minecraft:jump":206,"minecraft:walk_on_water_one_cm":1806,"minecraft:total_world_time":30034,"minecraft:fall_one_cm":2675},"minecraft:dropped":{"byg:biomepedia":1,"minecraft:bread":7,"hexerei:sage_seed":2,"alexsmobs:animal_dictionary":3,"rootsclassic:verdant_sprig":2,"minecraft:granite":2,"patchouli:guide_book":2,"minecraft:stick":2,"tconstruct:materials_and_you":2,"upgrade_aquatic:pink_searocket":12,"minecraft:red_tulip":1,"immersiveengineering:seed":1}},"DataVersion":2975}