{
  "minecraft:recipes/building_blocks/brick_stairs_from_bricks_stonecutting": {
    "criteria": {
      "has_bricks": "2025-11-09 02:22:19 +0000"
    },
    "done": true
  },
  "farmersdelight:recipes/farmersdelight/wheat_dough_from_eggs": {
    "criteria": {
      "has_wheat": "2025-11-09 02:19:58 +0000"
    },
    "done": true
  },
  "minecraft:recipes/redstone/lever": {
    "criteria": {
      "has_cobblestone": "2025-11-09 02:15:46 +0000"
    },
    "done": true
  },
  "minecraft:recipes/building_blocks/cobblestone_stairs_from_cobblestone_stonecutting": {
    "criteria": {
      "has_cobblestone": "2025-11-09 02:15:46 +0000"
    },
    "done": true
  },
  "minecraft:recipes/building_blocks/magenta_concrete_powder": {
    "criteria": {
      "has_sand": "2025-11-09 01:58:51 +0000"
    },
    "done": true
  },
  "exoticbirds:recipes/phoenix_egg_from_water_phoenix": {
    "criteria": {
      "has_egg": "2025-11-09 01:57:51 +0000"
    },
    "done": true
  },
  "aquaculture:recipes/aquaculture/note_hook": {
    "criteria": {
      "has_items": "2025-11-09 01:57:51 +0000"
    },
    "done": true
  },
  "minecraft:recipes/decorations/brick_wall": {
    "criteria": {
      "has_bricks": "2025-11-09 02:22:19 +0000"
    },
    "done": true
  },
  "naturescompass:natures_compass": {
    "criteria": {
      "has_compass": "2025-11-09 01:57:51 +0000"
    },
    "done": true
  },
  "croptopia:recipes/campfire_toast": {
    "criteria": {
      "has_bread": "2025-11-09 02:19:29 +0000"
    },
    "done": true
  },
  "tconstruct:tools/materials_and_you": {
    "criteria": {
      "crafted_book": "2025-11-09 01:57:51 +0000"
    },
    "done": true
  },
  "tconstruct:internal/starting_book": {
    "criteria": {
      "tick": "2025-11-09 01:57:51 +0000"
    },
    "done": true
  },
  "croptopia:recipes/fruit_smoothie": {
    "criteria": {
      "has_fruit": "2025-11-09 02:18:53 +0000"
    },
    "done": true
  },
  "biomesoplenty:recipes/transportation/willow_boat": {
    "criteria": {
      "in_water": "2025-11-09 02:01:39 +0000"
    },
    "done": true
  },
  "minecraft:recipes/building_blocks/lime_concrete_powder": {
    "criteria": {
      "has_sand": "2025-11-09 01:58:51 +0000"
    },
    "done": true
  },
  "exoticbirds:recipes/white_birdhouse": {
    "criteria": {
      "has_wood": "2025-11-09 02:02:55 +0000"
    },
    "done": true
  },
  "minecraft:recipes/building_blocks/cut_sandstone_from_sandstone_stonecutting": {
    "criteria": {
      "has_sandstone": "2025-11-09 02:14:58 +0000"
    },
    "done": true
  },
  "mcwbridges:recipes/brick_bridge": {
    "criteria": {
      "has_planks": "2025-11-09 02:22:19 +0000"
    },
    "done": true
  },
  "minecraft:recipes/building_blocks/yellow_concrete_powder": {
    "criteria": {
      "has_sand": "2025-11-09 01:58:51 +0000"
    },
    "done": true
  },
  "minecraft:recipes/decorations/crafting_table": {
    "criteria": {
      "has_planks": "2025-11-09 02:02:55 +0000"
    },
    "done": true
  },
  "minecraft:recipes/decorations/campfire": {
    "criteria": {
      "has_stick": "2025-11-09 02:14:07 +0000"
    },
    "done": true
  },
  "minecraft:recipes/food/bread": {
    "criteria": {
      "has_wheat": "2025-11-09 02:19:58 +0000"
    },
    "done": true
  },
  "exoticbirds:recipes/gold_birdcage": {
    "criteria": {
      "has_stick": "2025-11-09 02:14:07 +0000"
    },
    "done": true
  },
  "exoticbirds:recipes/ambrosia": {
    "criteria": {
      "has_apple": "2025-11-09 02:18:53 +0000"
    },
    "done": true
  },
  "minecraft:recipes/building_blocks/diorite_slab_from_diorite_stonecutting": {
    "criteria": {
      "has_diorite": "2025-11-09 02:15:52 +0000"
    },
    "done": true
  },
  "exoticbirds:recipes/orange_birdhouse": {
    "criteria": {
      "has_wood": "2025-11-09 02:02:55 +0000"
    },
    "done": true
  },
  "biomesoplenty:recipes/transportation/mahogany_boat": {
    "criteria": {
      "in_water": "2025-11-09 02:01:39 +0000"
    },
    "done": true
  },
  "iceandfire:iceandfire/root": {
    "criteria": {
      "tick": "2025-11-09 01:57:51 +0000"
    },
    "done": true
  },
  "minecraft:recipes/decorations/ladder": {
    "criteria": {
      "has_stick": "2025-11-09 02:14:07 +0000"
    },
    "done": true
  },
  "farmersdelight:recipes/farmersdelight/pie_crust": {
    "criteria": {
      "has_wheat": "2025-11-09 02:19:58 +0000"
    },
    "done": true
  },
  "minecraft:recipes/decorations/chest": {
    "criteria": {
      "has_lots_of_items": "2025-11-09 02:15:46 +0000"
    },
    "done": true
  },
  "minecraft:recipes/building_blocks/brown_concrete_powder": {
    "criteria": {
      "has_sand": "2025-11-09 01:58:51 +0000"
    },
    "done": true
  },
  "minecraft:recipes/decorations/black_bed_from_white_bed": {
    "criteria": {
      "has_bed": "2025-11-09 02:24:51 +0000"
    },
    "done": true
  },
  "exoticbirds:recipes/light_gray_birdhouse": {
    "criteria": {
      "has_wood": "2025-11-09 02:02:55 +0000"
    },
    "done": true
  },
  "minecraft:recipes/tools/wooden_shovel": {
    "criteria": {
      "has_stick": "2025-11-09 02:14:07 +0000"
    },
    "done": true
  },
  "aquaculture:recipes/tools/golden_fishing_rod": {
    "criteria": {
      "has_vanilla_rod": "2025-11-09 01:57:51 +0000"
    },
    "done": true
  },
  "exoticbirds:recipes/yellow_birdhouse": {
    "criteria": {
      "has_wood": "2025-11-09 02:02:55 +0000"
    },
    "done": true
  },
  "immersiveengineering:recipes/decorations/crafting/torch": {
    "criteria": {
      "has_stick": "2025-11-09 02:14:07 +0000"
    },
    "done": true
  },
  "minecraft:recipes/decorations/torch": {
    "criteria": {
      "has_stone_pickaxe": "2025-11-09 02:22:16 +0000"
    },
    "done": true
  },
  "mcwfences:recipes/stone": {
    "criteria": {
      "has_stone": "2025-11-09 01:57:51 +0000"
    },
    "done": true
  },
  "aquaculture:recipes/food/cooked_fish_fillet_from_campfire": {
    "criteria": {
      "has_items": "2025-11-09 01:57:51 +0000"
    },
    "done": true
  },
  "mcwtrpdoors:recipes/oak/oak_barn_trapdoor": {
    "criteria": {
      "has_logs": "2025-11-09 02:26:35 +0000"
    },
    "done": true
  },
  "fairylights:recipes/fairylights/candle_lantern": {
    "criteria": {
      "has_torch": "2025-11-09 01:57:51 +0000"
    },
    "done": true
  },
  "biomesoplenty:recipes/transportation/dead_boat": {
    "criteria": {
      "in_water": "2025-11-09 02:01:39 +0000"
    },
    "done": true
  },
  "minecraft:recipes/misc/stick": {
    "criteria": {
      "has_planks": "2025-11-09 02:02:55 +0000"
    },
    "done": true
  },
  "minecraft:recipes/transportation/spruce_boat": {
    "criteria": {
      "in_water": "2025-11-09 02:01:39 +0000"
    },
    "done": true
  },
  "aquaculture:recipes/tools/wooden_fillet_knife": {
    "criteria": {
      "has_items": "2025-11-09 02:14:07 +0000"
    },
    "done": true
  },
  "exoticbirds:recipes/purple_birdhouse": {
    "criteria": {
      "has_wood": "2025-11-09 02:02:55 +0000"
    },
    "done": true
  },
  "mcwfences:recipes/jungle": {
    "criteria": {
      "has_jungle": "2025-11-09 01:57:51 +0000"
    },
    "done": true
  },
  "aquaculture:recipes/food/cooked_frog_legs_from_smoking": {
    "criteria": {
      "has_items": "2025-11-09 01:57:51 +0000"
    },
    "done": true
  },
  "minecraft:recipes/building_blocks/polished_granite_from_granite_stonecutting": {
    "criteria": {
      "has_granite": "2025-11-09 02:23:57 +0000"
    },
    "done": true
  },
  "mcwfences:recipes/oak": {
    "criteria": {
      "has_oak": "2025-11-09 01:57:51 +0000"
    },
    "done": true
  },
  "mcwfences:recipes/spruce": {
    "criteria": {
      "has_spruce": "2025-11-09 01:57:51 +0000"
    },
    "done": true
  },
  "mcwfences:recipes/hedge": {
    "criteria": {
      "has_birch": "2025-11-09 01:57:51 +0000"
    },
    "done": true
  },
  "mcwfences:recipes/end": {
    "criteria": {
      "has_end_brick": "2025-11-09 01:57:50 +0000"
    },
    "done": true
  },
  "minecraft:recipes/building_blocks/sandstone_stairs": {
    "criteria": {
      "has_sandstone": "2025-11-09 02:14:58 +0000"
    },
    "done": true
  },
  "fairylights:recipes/fairylights/garland": {
    "criteria": {
      "has_vine": "2025-11-09 01:57:51 +0000"
    },
    "done": true
  },
  "minecraft:husbandry/balanced_diet": {
    "criteria": {
      "apple": "2025-11-09 02:19:00 +0000",
      "bread": "2025-11-09 02:19:36 +0000"
    },
    "done": false
  },
  "undergarden:recipes/undergarden_group/shard_torch": {
    "criteria": {
      "has_stick": "2025-11-09 02:14:07 +0000"
    },
    "done": true
  },
  "tombstone:recipes/from_grave_key": {
    "criteria": {
      "has_ingredient": "2025-11-09 02:03:55 +0000"
    },
    "done": true
  },
  "minecraft:recipes/tools/wooden_hoe": {
    "criteria": {
      "has_stick": "2025-11-09 02:14:07 +0000"
    },
    "done": true
  },
  "exoticbirds:recipes/phoenix_egg_from_ender_phoenix": {
    "criteria": {
      "has_egg": "2025-11-09 01:57:51 +0000"
    },
    "done": true
  },
  "minecraft:recipes/building_blocks/cobblestone_slab": {
    "criteria": {
      "has_cobblestone": "2025-11-09 02:15:46 +0000"
    },
    "done": true
  },
  "mcwbridges:recipes/sandstone_bridge": {
    "criteria": {
      "has_planks": "2025-11-09 02:14:58 +0000"
    },
    "done": true
  },
  "aquaculture:recipes/misc/neptunium_ingot_from_nuggets": {
    "criteria": {
      "has_items": "2025-11-09 01:57:51 +0000"
    },
    "done": true
  },
  "exoticbirds:recipes/light_blue_birdhouse": {
    "criteria": {
      "has_wood": "2025-11-09 02:02:55 +0000"
    },
    "done": true
  },
  "croptopia:recipes/cheeseburger": {
    "criteria": {
      "has_bread": "2025-11-09 02:19:29 +0000"
    },
    "done": true
  },
  "tconstruct:recipes/tools/common/slime/lead": {
    "criteria": {
      "has_slime_ball": "2025-11-09 02:29:35 +0000"
    },
    "done": true
  },
  "minecraft:recipes/building_blocks/cobblestone_stairs": {
    "criteria": {
      "has_cobblestone": "2025-11-09 02:15:46 +0000"
    },
    "done": true
  },
  "minecraft:recipes/building_blocks/diorite_slab": {
    "criteria": {
      "has_diorite": "2025-11-09 02:15:52 +0000"
    },
    "done": true
  },
  "biomesoplenty:recipes/transportation/magic_boat": {
    "criteria": {
      "in_water": "2025-11-09 02:01:39 +0000"
    },
    "done": true
  },
  "exoticbirds:recipes/magenta_birdhouse": {
    "criteria": {
      "has_wood": "2025-11-09 02:02:55 +0000"
    },
    "done": true
  },
  "minecraft:recipes/building_blocks/chiseled_sandstone_from_sandstone_stonecutting": {
    "criteria": {
      "has_sandstone": "2025-11-09 02:14:58 +0000"
    },
    "done": true
  },
  "minecraft:recipes/decorations/yellow_bed_from_white_bed": {
    "criteria": {
      "has_bed": "2025-11-09 02:24:51 +0000"
    },
    "done": true
  },
  "minecraft:recipes/decorations/granite_wall": {
    "criteria": {
      "has_granite": "2025-11-09 02:23:57 +0000"
    },
    "done": true
  },
  "croptopia:recipes/flour": {
    "criteria": {
      "has_grain": "2025-11-09 02:19:58 +0000"
    },
    "done": true
  },
  "aquaculture:recipes/food/frog_legs": {
    "criteria": {
      "has_items": "2025-11-09 01:57:51 +0000"
    },
    "done": true
  },
  "aquaculture:recipes/misc/gold_nugget_from_gold_fish": {
    "criteria": {
      "has_items": "2025-11-09 01:57:51 +0000"
    },
    "done": true
  },
  "naturescompass:natures_compass_sapling": {
    "criteria": {
      "has_recipe": "2025-11-09 01:57:51 +0000"
    },
    "done": true
  },
  "botania:recipes/botania/flower_bag": {
    "criteria": {
      "has_item": "2025-11-09 02:01:21 +0000"
    },
    "done": true
  },
  "tombstone:adventure/first_grave": {
    "criteria": {
      "coded_trigger": "2025-11-09 02:03:49 +0000"
    },
    "done": true
  },
  "aquaculture:recipes/misc/gold_nugget_from_smelting": {
    "criteria": {
      "has_fishing_rod": "2025-11-09 01:57:51 +0000",
      "has_fillet_knife": "2025-11-09 01:57:51 +0000"
    },
    "done": true
  },
  "tconstruct:recipes/tconstruct/gadgets/gadgets/slimesling/earth": {
    "criteria": {
      "has_item": "2025-11-09 02:29:35 +0000"
    },
    "done": true
  },
  "minecraft:recipes/building_blocks/light_gray_concrete_powder": {
    "criteria": {
      "has_sand": "2025-11-09 01:58:51 +0000"
    },
    "done": true
  },
  "minecraft:recipes/building_blocks/light_blue_concrete_powder": {
    "criteria": {
      "has_sand": "2025-11-09 01:58:51 +0000"
    },
    "done": true
  },
  "minecraft:recipes/building_blocks/polished_diorite_slab_from_diorite_stonecutting": {
    "criteria": {
      "has_diorite": "2025-11-09 02:15:52 +0000"
    },
    "done": true
  },
  "aquaculture:recipes/aquaculture/worm_farm": {
    "criteria": {
      "has_items": "2025-11-09 01:57:51 +0000"
    },
    "done": true
  },
  "biomesoplenty:recipes/transportation/cherry_boat": {
    "criteria": {
      "in_water": "2025-11-09 02:01:39 +0000"
    },
    "done": true
  },
  "aquaculture:recipes/food/cooked_fish_fillet_from_smoking": {
    "criteria": {
      "has_items": "2025-11-09 01:57:51 +0000"
    },
    "done": true
  },
  "exoticbirds:recipes/egg_identifier": {
    "criteria": {
      "has_bucket": "2025-11-09 01:57:51 +0000"
    },
    "done": true
  },
  "fairylights:recipes/fairylights/square_pennant": {
    "criteria": {
      "has_paper": "2025-11-09 01:57:51 +0000"
    },
    "done": true
  },
  "biomesoplenty:recipes/transportation/fir_boat": {
    "criteria": {
      "in_water": "2025-11-09 02:01:39 +0000"
    },
    "done": true
  },
  "occultism:occultism/root": {
    "criteria": {
      "occultism_present": "2025-11-09 01:57:51 +0000"
    },
    "done": true
  },
  "minecraft:recipes/building_blocks/hay_block": {
    "criteria": {
      "has_wheat": "2025-11-09 02:19:58 +0000"
    },
    "done": true
  },
  "minecraft:recipes/building_blocks/glass": {
    "criteria": {
      "has_sand": "2025-11-09 01:58:51 +0000"
    },
    "done": true
  },
  "minecraft:recipes/building_blocks/pink_concrete_powder": {
    "criteria": {
      "has_sand": "2025-11-09 01:58:51 +0000"
    },
    "done": true
  },
  "minecraft:recipes/building_blocks/sandstone_slab": {
    "criteria": {
      "has_sandstone": "2025-11-09 02:14:58 +0000"
    },
    "done": true
  },
  "exoticbirds:recipes/black_birdhouse": {
    "criteria": {
      "has_wood": "2025-11-09 02:02:55 +0000"
    },
    "done": true
  },
  "exoticbirds:recipes/red_birdhouse": {
    "criteria": {
      "has_wood": "2025-11-09 02:02:55 +0000"
    },
    "done": true
  },
  "minecraft:recipes/building_blocks/smooth_sandstone": {
    "criteria": {
      "has_sandstone": "2025-11-09 02:14:58 +0000"
    },
    "done": true
  },
  "aquaculture:recipes/decorations/spruce_fish_mount": {
    "criteria": {
      "has_items": "2025-11-09 01:57:51 +0000"
    },
    "done": true
  },
  "minecraft:recipes/building_blocks/purple_concrete_powder": {
    "criteria": {
      "has_sand": "2025-11-09 01:58:51 +0000"
    },
    "done": true
  },
  "minecraft:recipes/decorations/magenta_bed_from_white_bed": {
    "criteria": {
      "has_bed": "2025-11-09 02:24:51 +0000"
    },
    "done": true
  },
  "aquaculture:recipes/misc/neptunium_ingot_from_neptunium_block": {
    "criteria": {
      "has_items": "2025-11-09 01:57:51 +0000"
    },
    "done": true
  },
  "minecraft:recipes/decorations/diorite_wall_from_diorite_stonecutting": {
    "criteria": {
      "has_diorite": "2025-11-09 02:15:52 +0000"
    },
    "done": true
  },
  "exoticbirds:recipes/crimson_birdcage": {
    "criteria": {
      "has_stick": "2025-11-09 02:14:07 +0000"
    },
    "done": true
  },
  "minecraft:recipes/decorations/orange_bed_from_white_bed": {
    "criteria": {
      "has_bed": "2025-11-09 02:24:51 +0000"
    },
    "done": true
  },
  "exoticbirds:recipes/phoenix_egg_from_nether_phoenix": {
    "criteria": {
      "has_egg": "2025-11-09 01:57:51 +0000"
    },
    "done": true
  },
  "minecraft:recipes/building_blocks/brick_stairs": {
    "criteria": {
      "has_bricks": "2025-11-09 02:22:19 +0000"
    },
    "done": true
  },
  "botania:challenge/root": {
    "criteria": {
      "flower": "2025-11-09 02:01:21 +0000"
    },
    "done": true
  },
  "exoticbirds:default/root": {
    "criteria": {
      "launch_mod": "2025-11-09 01:57:51 +0000"
    },
    "done": true
  },
  "aquaculture:recipes/aquaculture/light_hook": {
    "criteria": {
      "has_items": "2025-11-09 01:57:51 +0000"
    },
    "done": true
  },
  "minecraft:story/mine_stone": {
    "criteria": {
      "get_stone": "2025-11-09 02:15:46 +0000"
    },
    "done": true
  },
  "botania:main/flower_pickup_lexicon": {
    "criteria": {
      "flower": "2025-11-09 02:01:21 +0000"
    },
    "done": true
  },
  "exoticbirds:recipes/cyan_birdhouse": {
    "criteria": {
      "has_wood": "2025-11-09 02:02:55 +0000"
    },
    "done": true
  },
  "minecraft:recipes/decorations/furnace": {
    "criteria": {
      "has_cobblestone": "2025-11-09 02:15:46 +0000"
    },
    "done": true
  },
  "minecraft:recipes/building_blocks/sandstone": {
    "criteria": {
      "has_sand": "2025-11-09 01:58:51 +0000"
    },
    "done": true
  },
  "minecraft:recipes/misc/charcoal": {
    "criteria": {
      "has_log": "2025-11-09 02:01:35 +0000"
    },
    "done": true
  },
  "minecraft:adventure/sleep_in_bed": {
    "criteria": {
      "slept_in_bed": "2025-11-09 02:24:10 +0000"
    },
    "done": true
  },
  "exoticbirds:recipes/blue_birdhouse": {
    "criteria": {
      "has_wood": "2025-11-09 02:02:55 +0000"
    },
    "done": true
  },
  "mcwtrpdoors:recipes/print_classic": {
    "criteria": {
      "has_logs": "2025-11-09 02:26:35 +0000"
    },
    "done": true
  },
  "minecraft:recipes/building_blocks/spruce_planks": {
    "criteria": {
      "has_logs": "2025-11-09 02:24:56 +0000"
    },
    "done": true
  },
  "fairylights:recipes/fairylights/swallowtail_pennant": {
    "criteria": {
      "has_paper": "2025-11-09 01:57:51 +0000"
    },
    "done": true
  },
  "minecraft:recipes/tools/wooden_pickaxe": {
    "criteria": {
      "has_stick": "2025-11-09 02:14:07 +0000"
    },
    "done": true
  },
  "minecraft:recipes/building_blocks/cobblestone_slab_from_cobblestone_stonecutting": {
    "criteria": {
      "has_cobblestone": "2025-11-09 02:15:46 +0000"
    },
    "done": true
  },
  "aquaculture:recipes/misc/jellyfish_to_slimeball": {
    "criteria": {
      "has_items": "2025-11-09 01:57:51 +0000"
    },
    "done": true
  },
  "minecraft:husbandry/root": {
    "criteria": {
      "consumed_item": "2025-11-09 02:19:00 +0000"
    },
    "done": true
  },
  "mcwfences:recipes/nether": {
    "criteria": {
      "has_nether_brick": "2025-11-09 01:57:51 +0000"
    },
    "done": true
  },
  "minecraft:recipes/transportation/birch_boat": {
    "criteria": {
      "in_water": "2025-11-09 02:01:39 +0000"
    },
    "done": true
  },
  "securitycraft:recipes/securitycraft/sonic_security_system": {
    "criteria": {
      "has_stick": "2025-11-09 02:14:07 +0000"
    },
    "done": true
  },
  "minecraft:recipes/building_blocks/polished_granite_slab_from_granite_stonecutting": {
    "criteria": {
      "has_granite": "2025-11-09 02:23:57 +0000"
    },
    "done": true
  },
  "minecraft:recipes/building_blocks/green_concrete_powder": {
    "criteria": {
      "has_sand": "2025-11-09 01:58:51 +0000"
    },
    "done": true
  },
  "minecraft:recipes/transportation/acacia_boat": {
    "criteria": {
      "in_water": "2025-11-09 02:01:39 +0000"
    },
    "done": true
  },
  "tconstruct:world/slime_collector": {
    "criteria": {
      "earth": "2025-11-09 02:29:35 +0000"
    },
    "done": false
  },
  "aquaculture:recipes/tools/diamond_fishing_rod": {
    "criteria": {
      "has_vanilla_rod": "2025-11-09 01:57:51 +0000"
    },
    "done": true
  },
  "aquaculture:recipes/misc/red_mushroom_from_fish": {
    "criteria": {
      "has_items": "2025-11-09 01:57:51 +0000"
    },
    "done": true
  },
  "mcwfences:recipes/crimson": {
    "criteria": {
      "has_crimson": "2025-11-09 01:57:51 +0000"
    },
    "done": true
  },
  "aquaculture:recipes/tools/iron_fishing_rod": {
    "criteria": {
      "has_vanilla_rod": "2025-11-09 01:57:51 +0000"
    },
    "done": true
  },
  "farmersdelight:recipes/farmersdelight/cutting_board": {
    "criteria": {
      "has_stick": "2025-11-09 02:14:07 +0000"
    },
    "done": true
  },
  "minecraft:recipes/decorations/cyan_bed_from_white_bed": {
    "criteria": {
      "has_bed": "2025-11-09 02:24:51 +0000"
    },
    "done": true
  },
  "aquaculture:recipes/tools/stone_fillet_knife": {
    "criteria": {
      "has_items": "2025-11-09 02:15:46 +0000"
    },
    "done": true
  },
  "exoticbirds:recipes/phoenix_egg_from_twilight_phoenix": {
    "criteria": {
      "has_egg": "2025-11-09 01:57:51 +0000"
    },
    "done": true
  },
  "minecraft:adventure/root": {
    "criteria": {
      "killed_by_something": "2025-11-09 02:03:49 +0000"
    },
    "done": true
  },
  "chococraft:recipes/chococraft/straw": {
    "criteria": {
      "has_wheat": "2025-11-09 02:19:58 +0000"
    },
    "done": true
  },
  "mcwfences:recipes/prismarine": {
    "criteria": {
      "has_qq": "2025-11-09 01:57:51 +0000"
    },
    "done": true
  },
  "mcwfences:recipes/bamboo": {
    "criteria": {
      "has_bamboo": "2025-11-09 01:57:51 +0000"
    },
    "done": true
  },
  "aquaculture:recipes/decorations/acacia_fish_mount": {
    "criteria": {
      "has_items": "2025-11-09 01:57:51 +0000"
    },
    "done": true
  },
  "mcwtrpdoors:recipes/oak/oak_barred_trapdoor": {
    "criteria": {
      "has_logs": "2025-11-09 02:26:35 +0000"
    },
    "done": true
  },
  "aquaculture:recipes/misc/brown_mushroom_from_fish": {
    "criteria": {
      "has_items": "2025-11-09 01:57:50 +0000"
    },
    "done": true
  },
  "minecraft:recipes/decorations/gray_bed_from_white_bed": {
    "criteria": {
      "has_bed": "2025-11-09 02:24:51 +0000"
    },
    "done": true
  },
  "minecraft:recipes/building_blocks/white_concrete_powder": {
    "criteria": {
      "has_sand": "2025-11-09 01:58:51 +0000"
    },
    "done": true
  },
  "rootsclassic:recipes/rootsclassic/pestle2": {
    "criteria": {
      "has_diorite": "2025-11-09 02:15:52 +0000"
    },
    "done": true
  },
  "mcwtrpdoors:recipes/oak/oak_swamp_trapdoor": {
    "criteria": {
      "has_logs": "2025-11-09 02:26:35 +0000"
    },
    "done": true
  },
  "farmersdelight:main/root": {
    "criteria": {
      "seeds": "2025-11-09 01:57:51 +0000"
    },
    "done": true
  },
  "minecraft:recipes/decorations/lime_bed_from_white_bed": {
    "criteria": {
      "has_bed": "2025-11-09 02:24:51 +0000"
    },
    "done": true
  },
  "shieldexp:recipes/wooden_shield": {
    "criteria": {
      "has_stick": "2025-11-09 02:14:07 +0000"
    },
    "done": true
  },
  "botania:recipes/botania/lexicon": {
    "criteria": {
      "has_item": "2025-11-09 02:26:59 +0000"
    },
    "done": true
  },
  "mcwbridges:recipes/brick_bridge_pier": {
    "criteria": {
      "has_planks": "2025-11-09 02:22:19 +0000"
    },
    "done": true
  },
  "minecraft:recipes/tools/stone_hoe": {
    "criteria": {
      "has_cobblestone": "2025-11-09 02:15:46 +0000"
    },
    "done": true
  },
  "fairylights:recipes/fairylights/oil_lantern": {
    "criteria": {
      "has_torch": "2025-11-09 01:57:51 +0000"
    },
    "done": true
  },
  "tconstruct:recipes/tconstruct/world/common/slime/earth/congealed": {
    "criteria": {
      "has_item": "2025-11-09 02:29:35 +0000"
    },
    "done": true
  },
  "mcwbridges:recipes/sandstone_bridge_pier": {
    "criteria": {
      "has_planks": "2025-11-09 02:14:58 +0000"
    },
    "done": true
  },
  "aquaculture:recipes/misc/iron_nugget_from_blasting": {
    "criteria": {
      "has_fishing_rod": "2025-11-09 01:57:51 +0000",
      "has_fillet_knife": "2025-11-09 01:57:51 +0000"
    },
    "done": true
  },
  "rootsclassic:recipes/rootsclassic/bark_knife": {
    "criteria": {
      "has_sapling": "2025-11-09 02:26:59 +0000"
    },
    "done": true
  },
  "mcwfences:recipes/quartz": {
    "criteria": {
      "has_qq": "2025-11-09 01:57:51 +0000"
    },
    "done": true
  },
  "aquaculture:recipes/building_blocks/planks_from_driftwood": {
    "criteria": {
      "has_items": "2025-11-09 01:57:51 +0000"
    },
    "done": true
  },
  "minecraft:recipes/decorations/green_bed_from_white_bed": {
    "criteria": {
      "has_bed": "2025-11-09 02:24:51 +0000"
    },
    "done": true
  },
  "minecraft:recipes/decorations/red_glazed_terracotta": {
    "criteria": {
      "has_red_terracotta": "2025-11-09 02:22:20 +0000"
    },
    "done": true
  },
  "farmersdelight:recipes/farmersdelight/wheat_dough_from_water": {
    "criteria": {
      "has_wheat": "2025-11-09 02:19:58 +0000"
    },
    "done": true
  },
  "minecraft:recipes/building_blocks/granite_slab": {
    "criteria": {
      "has_granite": "2025-11-09 02:23:57 +0000"
    },
    "done": true
  },
  "minecraft:recipes/decorations/pink_bed_from_white_bed": {
    "criteria": {
      "has_bed": "2025-11-09 02:24:51 +0000"
    },
    "done": true
  },
  "minecraft:recipes/misc/iron_nugget_from_smelting": {
    "criteria": {
      "has_chainmail_boots": "2025-11-09 02:29:41 +0000"
    },
    "done": true
  },
  "minecraft:recipes/decorations/granite_wall_from_granite_stonecutting": {
    "criteria": {
      "has_granite": "2025-11-09 02:23:57 +0000"
    },
    "done": true
  },
  "minecraft:recipes/decorations/brick_wall_from_bricks_stonecutting": {
    "criteria": {
      "has_bricks": "2025-11-09 02:22:19 +0000"
    },
    "done": true
  },
  "croptopia:recipes/croptopia.croptopia/toast_from_bread": {
    "criteria": {
      "has_bread": "2025-11-09 02:19:29 +0000"
    },
    "done": true
  },
  "naturescompass:natures_compass_log": {
    "criteria": {
      "has_recipe": "2025-11-09 01:57:51 +0000"
    },
    "done": true
  },
  "minecraft:story/upgrade_tools": {
    "criteria": {
      "stone_pickaxe": "2025-11-09 02:22:16 +0000"
    },
    "done": true
  },
  "minecraft:recipes/building_blocks/polished_granite_stairs_from_granite_stonecutting": {
    "criteria": {
      "has_granite": "2025-11-09 02:23:57 +0000"
    },
    "done": true
  },
  "aquaculture:recipes/aquaculture/fishing_line": {
    "criteria": {
      "has_items": "2025-11-09 01:57:51 +0000"
    },
    "done": true
  },
  "minecraft:recipes/transportation/oak_boat": {
    "criteria": {
      "in_water": "2025-11-09 02:01:39 +0000"
    },
    "done": true
  },
  "farmersdelight:recipes/farmersdelight/cooking/apple_cider": {
    "criteria": {
      "has_apple": "2025-11-09 02:18:53 +0000"
    },
    "done": true
  },
  "aquaculture:recipes/misc/neptinium_ingot_from_blasting": {
    "criteria": {
      "has_leggings": "2025-11-09 01:57:51 +0000",
      "has_axe": "2025-11-09 01:57:51 +0000",
      "has_helmet": "2025-11-09 01:57:51 +0000",
      "has_fishing_rod": "2025-11-09 01:57:51 +0000",
      "has_bow": "2025-11-09 01:57:51 +0000",
      "has_chestplate": "2025-11-09 01:57:51 +0000",
      "has_sword": "2025-11-09 01:57:51 +0000",
      "has_fillet_knife": "2025-11-09 01:57:51 +0000",
      "has_shovel": "2025-11-09 01:57:51 +0000",
      "has_hoe": "2025-11-09 01:57:51 +0000",
      "has_boots": "2025-11-09 01:57:51 +0000",
      "has_pickaxe": "2025-11-09 01:57:51 +0000"
    },
    "done": true
  },
  "exoticbirds:recipes/dark_oak_birdcage": {
    "criteria": {
      "has_stick": "2025-11-09 02:14:07 +0000"
    },
    "done": true
  },
  "minecraft:recipes/decorations/sandstone_wall_from_sandstone_stonecutting": {
    "criteria": {
      "has_sandstone": "2025-11-09 02:14:58 +0000"
    },
    "done": true
  },
  "minecraft:recipes/decorations/blue_bed_from_white_bed": {
    "criteria": {
      "has_bed": "2025-11-09 02:24:51 +0000"
    },
    "done": true
  },
  "minecraft:recipes/building_blocks/orange_concrete_powder": {
    "criteria": {
      "has_sand": "2025-11-09 01:58:51 +0000"
    },
    "done": true
  },
  "rootsclassic:recipes/rootsclassic/mortar": {
    "criteria": {
      "has_stone": "2025-11-09 02:15:52 +0000"
    },
    "done": true
  },
  "minecraft:recipes/building_blocks/cyan_concrete_powder": {
    "criteria": {
      "has_sand": "2025-11-09 01:58:51 +0000"
    },
    "done": true
  },
  "croptopia:recipes/croptopia.croptopia/apple_pie": {
    "criteria": {
      "has_apple": "2025-11-09 02:18:53 +0000"
    },
    "done": true
  },
  "undergarden:recipes/undergarden_group/wigglewood_boat": {
    "criteria": {
      "in_water": "2025-11-09 02:01:39 +0000"
    },
    "done": true
  },
  "modonomicon:modonomicon/root": {
    "criteria": {
      "modonomicon_present": "2025-11-09 01:57:51 +0000"
    },
    "done": true
  },
  "minecraft:recipes/tools/wooden_axe": {
    "criteria": {
      "has_stick": "2025-11-09 02:14:07 +0000"
    },
    "done": true
  },
  "exoticbirds:recipes/gray_birdhouse": {
    "criteria": {
      "has_wood": "2025-11-09 02:02:55 +0000"
    },
    "done": true
  },
  "minecraft:recipes/building_blocks/granite_stairs": {
    "criteria": {
      "has_granite": "2025-11-09 02:23:57 +0000"
    },
    "done": true
  },
  "botania:recipes/botania/cyan_shiny_flower": {
    "criteria": {
      "has_item": "2025-11-09 02:01:21 +0000"
    },
    "done": true
  },
  "mcwfences:recipes/deepslate": {
    "criteria": {
      "has_deepslate": "2025-11-09 01:57:50 +0000"
    },
    "done": true
  },
  "framedblocks:recipes/framed_blocks/framed_cube": {
    "criteria": {
      "hasPlanks": "2025-11-09 02:02:55 +0000"
    },
    "done": true
  },
  "aquaculture:recipes/misc/tin_can_to_iron_nugget_from_blasting": {
    "criteria": {
      "has_items": "2025-11-09 01:57:51 +0000"
    },
    "done": true
  },
  "minecraft:recipes/building_blocks/polished_diorite_stairs_from_diorite_stonecutting": {
    "criteria": {
      "has_diorite": "2025-11-09 02:15:52 +0000"
    },
    "done": true
  },
  "exoticbirds:recipes/brown_birdhouse": {
    "criteria": {
      "has_wood": "2025-11-09 02:02:55 +0000"
    },
    "done": true
  },
  "aquaculture:recipes/food/cooked_frog_legs": {
    "criteria": {
      "has_items": "2025-11-09 01:57:51 +0000"
    },
    "done": true
  },
  "biomesoplenty:recipes/transportation/umbran_boat": {
    "criteria": {
      "in_water": "2025-11-09 02:01:39 +0000"
    },
    "done": true
  },
  "supplementaries:recipes/sign_post_byg/palm": {
    "criteria": {
      "has_plank": "2025-11-09 02:02:55 +0000"
    },
    "done": true
  },
  "twilightforest:alt/compat/ie_shaders": {
    "criteria": {
      "ie_masterwork": "2025-11-09 01:57:51 +0000",
      "ie_uncommon": "2025-11-09 01:57:51 +0000",
      "tf_masterwork": "2025-11-09 01:57:51 +0000",
      "tf_uncommon": "2025-11-09 01:57:51 +0000",
      "tf_common": "2025-11-09 01:57:51 +0000",
      "ie_rare": "2025-11-09 01:57:51 +0000",
      "ie_shader": "2025-11-09 01:57:51 +0000",
      "ie_common": "2025-11-09 01:57:51 +0000",
      "ie_twilight": "2025-11-09 01:57:51 +0000",
      "tf_epic": "2025-11-09 01:57:51 +0000",
      "ie_epic": "2025-11-09 01:57:51 +0000",
      "tf_twilight": "2025-11-09 01:57:51 +0000",
      "tf_shader": "2025-11-09 01:57:51 +0000",
      "tf_rare": "2025-11-09 01:57:51 +0000"
    },
    "done": true
  },
  "biomesoplenty:recipes/transportation/palm_boat": {
    "criteria": {
      "in_water": "2025-11-09 02:01:39 +0000"
    },
    "done": true
  },
  "exoticbirds:recipes/acacia_birdcage": {
    "criteria": {
      "has_stick": "2025-11-09 02:14:07 +0000"
    },
    "done": true
  },
  "minecraft:recipes/building_blocks/diorite_stairs_from_diorite_stonecutting": {
    "criteria": {
      "has_diorite": "2025-11-09 02:15:52 +0000"
    },
    "done": true
  },
  "minecraft:recipes/redstone/slime_block": {
    "criteria": {
      "has_slime_ball": "2025-11-09 02:29:35 +0000"
    },
    "done": true
  },
  "exoticbirds:recipes/iron_birdcage": {
    "criteria": {
      "has_stick": "2025-11-09 02:14:07 +0000"
    },
    "done": true
  },
  "mcwfences:recipes/sandstone": {
    "criteria": {
      "has_sand": "2025-11-09 01:57:51 +0000"
    },
    "done": true
  },
  "aquaculture:recipes/aquaculture/redstone_hook": {
    "criteria": {
      "has_items": "2025-11-09 01:57:51 +0000"
    },
    "done": true
  },
  "biomesoplenty:recipes/transportation/redwood_boat": {
    "criteria": {
      "in_water": "2025-11-09 02:01:39 +0000"
    },
    "done": true
  },
  "aquaculture:recipes/food/cooked_fish_fillet": {
    "criteria": {
      "has_items": "2025-11-09 01:57:51 +0000"
    },
    "done": true
  },
  "croptopia:recipes/documentation": {
    "criteria": {
      "has_crop": "2025-11-09 02:18:53 +0000"
    },
    "done": true
  },
  "mcwtrpdoors:recipes/oak/oak_cottage_trapdoor": {
    "criteria": {
      "has_logs": "2025-11-09 02:26:35 +0000"
    },
    "done": true
  },
  "exoticbirds:recipes/phoenix_egg_from_fire_phoenix": {
    "criteria": {
      "has_egg": "2025-11-09 01:57:50 +0000"
    },
    "done": true
  },
  "exoticbirds:recipes/birch_birdcage": {
    "criteria": {
      "has_stick": "2025-11-09 02:14:07 +0000"
    },
    "done": true
  },
  "mcwbridges:recipes/oak_bridge_pier": {
    "criteria": {
      "has_planks": "2025-11-09 02:26:35 +0000"
    },
    "done": true
  },
  "undergarden:undergarden/root": {
    "criteria": {
      "tick": "2025-11-09 01:57:51 +0000"
    },
    "done": true
  },
  "botania:main/flower_pickup": {
    "criteria": {
      "flower": "2025-11-09 02:01:21 +0000"
    },
    "done": true
  },
  "mcwtrpdoors:recipes/oak/oak_four_panel_trapdoor": {
    "criteria": {
      "has_logs": "2025-11-09 02:26:35 +0000"
    },
    "done": true
  },
  "securitycraft:recipes/securitycraft/sc_manual": {
    "criteria": {
      "has_wood": "2025-11-09 02:01:35 +0000"
    },
    "done": true
  },
  "exoticbirds:recipes/phoenix_egg_from_desert_phoenix": {
    "criteria": {
      "has_egg": "2025-11-09 01:57:51 +0000"
    },
    "done": true
  },
  "mcwfences:recipes/warped": {
    "criteria": {
      "has_warped": "2025-11-09 01:57:51 +0000"
    },
    "done": true
  },
  "mowziesmobs:root": {
    "criteria": {
      "custom_test_name": "2025-11-09 01:57:51 +0000"
    },
    "done": true
  },
  "undergarden:recipes/undergarden_group/slingshot": {
    "criteria": {
      "has_stick": "2025-11-09 02:14:07 +0000"
    },
    "done": true
  },
  "aquaculture:recipes/aquaculture/gold_hook": {
    "criteria": {
      "has_items": "2025-11-09 01:57:51 +0000"
    },
    "done": true
  },
  "minecraft:recipes/combat/wooden_sword": {
    "criteria": {
      "has_stick": "2025-11-09 02:14:07 +0000"
    },
    "done": true
  },
  "minecraft:recipes/tools/stone_shovel": {
    "criteria": {
      "has_cobblestone": "2025-11-09 02:15:46 +0000"
    },
    "done": true
  },
  "minecraft:recipes/building_blocks/oak_planks": {
    "criteria": {
      "has_logs": "2025-11-09 02:26:35 +0000"
    },
    "done": true
  },
  "minecraft:recipes/building_blocks/blue_concrete_powder": {
    "criteria": {
      "has_sand": "2025-11-09 01:58:51 +0000"
    },
    "done": true
  },
  "minecraft:recipes/building_blocks/gray_concrete_powder": {
    "criteria": {
      "has_sand": "2025-11-09 01:58:51 +0000"
    },
    "done": true
  },
  "exoticbirds:recipes/lime_birdhouse": {
    "criteria": {
      "has_wood": "2025-11-09 02:02:55 +0000"
    },
    "done": true
  },
  "minecraft:recipes/building_blocks/diorite_stairs": {
    "criteria": {
      "has_diorite": "2025-11-09 02:15:52 +0000"
    },
    "done": true
  },
  "tombstone:adventure/root": {
    "criteria": {
      "auto": "2025-11-09 01:57:51 +0000"
    },
    "done": true
  },
  "cataclysm:root": {
    "criteria": {
      "custom_test_name": "2025-11-09 01:57:51 +0000"
    },
    "done": true
  },
  "botania:main/root": {
    "criteria": {
      "flower": "2025-11-09 02:01:21 +0000"
    },
    "done": true
  },
  "minecraft:recipes/building_blocks/granite_slab_from_granite_stonecutting": {
    "criteria": {
      "has_granite": "2025-11-09 02:23:57 +0000"
    },
    "done": true
  },
  "securitycraft:recipes/securitycraft/reinforced_andesite": {
    "criteria": {
      "has_cobblestone": "2025-11-09 02:15:46 +0000"
    },
    "done": true
  },
  "exoticbirds:recipes/oak_birdcage": {
    "criteria": {
      "has_stick": "2025-11-09 02:14:07 +0000"
    },
    "done": true
  },
  "mcwtrpdoors:recipes/oak/oak_ranch_trapdoor": {
    "criteria": {
      "has_logs": "2025-11-09 02:26:35 +0000"
    },
    "done": true
  },
  "croptopia:recipes/croptopia.croptopia/toast_from_smoking_bread": {
    "criteria": {
      "has_bread": "2025-11-09 02:19:29 +0000"
    },
    "done": true
  },
  "mcwfences:recipes/birch": {
    "criteria": {
      "has_birch": "2025-11-09 01:57:50 +0000"
    },
    "done": true
  },
  "minecraft:recipes/building_blocks/andesite": {
    "criteria": {
      "has_stone": "2025-11-09 02:15:52 +0000"
    },
    "done": true
  },
  "minecraft:recipes/tools/lead": {
    "criteria": {
      "has_slime_ball": "2025-11-09 02:29:35 +0000"
    },
    "done": true
  },
  "minecraft:recipes/building_blocks/cut_sandstone_slab_from_sandstone_stonecutting": {
    "criteria": {
      "has_sandstone": "2025-11-09 02:14:58 +0000"
    },
    "done": true
  },
  "exoticbirds:recipes/spruce_birdcage": {
    "criteria": {
      "has_stick": "2025-11-09 02:14:07 +0000"
    },
    "done": true
  },
  "aquaculture:recipes/aquaculture/diamond_hook": {
    "criteria": {
      "has_items": "2025-11-09 01:57:51 +0000"
    },
    "done": true
  },
  "fairylights:recipes/fairylights/incandescent_light": {
    "criteria": {
      "has_torch": "2025-11-09 01:57:51 +0000"
    },
    "done": true
  },
  "exoticbirds:recipes/pink_birdhouse": {
    "criteria": {
      "has_wood": "2025-11-09 02:02:55 +0000"
    },
    "done": true
  },
  "undergarden:recipes/decorations/undergarden_scaffolding": {
    "criteria": {
      "has_stick": "2025-11-09 02:14:07 +0000"
    },
    "done": true
  },
  "aquaculture:recipes/food/cooked_frog_legs_from_campfire": {
    "criteria": {
      "has_items": "2025-11-09 01:57:51 +0000"
    },
    "done": true
  },
  "minecraft:recipes/building_blocks/black_concrete_powder": {
    "criteria": {
      "has_sand": "2025-11-09 01:58:51 +0000"
    },
    "done": true
  },
  "minecraft:recipes/building_blocks/cut_sandstone": {
    "criteria": {
      "has_sandstone": "2025-11-09 02:14:58 +0000"
    },
    "done": true
  },
  "securitycraft:recipes/securitycraft/laser_block": {
    "criteria": {
      "has_stone": "2025-11-09 02:15:46 +0000"
    },
    "done": true
  },
  "minecraft:recipes/building_blocks/brick_slab_from_bricks_stonecutting": {
    "criteria": {
      "has_bricks": "2025-11-09 02:22:19 +0000"
    },
    "done": true
  },
  "exoticbirds:recipes/green_birdhouse": {
    "criteria": {
      "has_wood": "2025-11-09 02:02:55 +0000"
    },
    "done": true
  },
  "aquaculture:recipes/misc/tin_can_to_iron_nugget": {
    "criteria": {
      "has_items": "2025-11-09 01:57:51 +0000"
    },
    "done": true
  },
  "undergarden:recipes/undergarden_group/smogstem_boat": {
    "criteria": {
      "in_water": "2025-11-09 02:01:39 +0000"
    },
    "done": true
  },
  "minecraft:recipes/building_blocks/sandstone_stairs_from_sandstone_stonecutting": {
    "criteria": {
      "has_sandstone": "2025-11-09 02:14:58 +0000"
    },
    "done": true
  },
  "minecraft:recipes/building_blocks/oak_wood": {
    "criteria": {
      "has_log": "2025-11-09 02:26:35 +0000"
    },
    "done": true
  },
  "paraglider:recipes/paraglider/paraglider": {
    "criteria": {
      "has_stick": "2025-11-09 02:14:07 +0000"
    },
    "done": true
  },
  "minecraft:recipes/building_blocks/sandstone_slab_from_sandstone_stonecutting": {
    "criteria": {
      "has_sandstone": "2025-11-09 02:14:58 +0000"
    },
    "done": true
  },
  "minecraft:recipes/combat/crossbow": {
    "criteria": {
      "has_stick": "2025-11-09 02:14:07 +0000"
    },
    "done": true
  },
  "darkerdepths:recipes/misc/silver_ingot_from_copper_block": {
    "criteria": {
      "has_silver_block": "2025-11-09 01:57:51 +0000"
    },
    "done": true
  },
  "supplementaries:recipes/hanging_sign_byg/palm": {
    "criteria": {
      "has_plank": "2025-11-09 02:02:55 +0000"
    },
    "done": true
  },
  "darkerdepths:recipes/misc/resin": {
    "criteria": {
      "has_amber": "2025-11-09 01:57:51 +0000"
    },
    "done": true
  },
  "botania:recipes/botania/petal_cyan": {
    "criteria": {
      "has_item": "2025-11-09 02:01:21 +0000"
    },
    "done": true
  },
  "minecraft:recipes/building_blocks/polished_diorite_from_diorite_stonecutting": {
    "criteria": {
      "has_diorite": "2025-11-09 02:15:52 +0000"
    },
    "done": true
  },
  "minecraft:recipes/building_blocks/granite_stairs_from_granite_stonecutting": {
    "criteria": {
      "has_granite": "2025-11-09 02:23:57 +0000"
    },
    "done": true
  },
  "darkerdepths:recipes/misc/rope": {
    "criteria": {
      "has_resin": "2025-11-09 01:57:51 +0000"
    },
    "done": true
  },
  "minecraft:recipes/building_blocks/red_concrete_powder": {
    "criteria": {
      "has_sand": "2025-11-09 01:58:51 +0000"
    },
    "done": true
  },
  "minecraft:recipes/decorations/light_blue_bed_from_white_bed": {
    "criteria": {
      "has_bed": "2025-11-09 02:24:51 +0000"
    },
    "done": true
  },
  "minecraft:recipes/misc/iron_nugget_from_blasting": {
    "criteria": {
      "has_chainmail_boots": "2025-11-09 02:29:41 +0000"
    },
    "done": true
  },
  "aquaculture:recipes/food/sushi": {
    "criteria": {
      "has_alt_items": "2025-11-09 01:57:51 +0000",
      "has_items": "2025-11-09 01:57:50 +0000"
    },
    "done": true
  },
  "securitycraft:recipes/securitycraft/reinforced_diorite": {
    "criteria": {
      "has_cobblestone": "2025-11-09 02:15:46 +0000"
    },
    "done": true
  },
  "darkerdepths:recipes/misc/silver_ingot": {
    "criteria": {
      "has_silver_ore": "2025-11-09 01:57:51 +0000"
    },
    "done": true
  },
  "minecraft:recipes/decorations/diorite_wall": {
    "criteria": {
      "has_diorite": "2025-11-09 02:15:52 +0000"
    },
    "done": true
  },
  "mcwtrpdoors:recipes/acacia/oak_bark_trapdoor": {
    "criteria": {
      "has_logs": "2025-11-09 02:26:35 +0000"
    },
    "done": true
  },
  "mcwtrpdoors:recipes/oak/oak_glass_trapdoor": {
    "criteria": {
      "has_logs": "2025-11-09 02:26:35 +0000"
    },
    "done": true
  },
  "fairylights:recipes/fairylights/spearhead_pennant": {
    "criteria": {
      "has_paper": "2025-11-09 01:57:51 +0000"
    },
    "done": true
  },
  "byg:root": {
    "criteria": {
      "tick": "2025-11-09 01:57:51 +0000"
    },
    "done": true
  },
  "aquaculture:recipes/misc/iron_nugget_from_smelting": {
    "criteria": {
      "has_fishing_rod": "2025-11-09 01:57:50 +0000",
      "has_fillet_knife": "2025-11-09 01:57:51 +0000"
    },
    "done": true
  },
  "farmersdelight:recipes/farmersdelight/flint_knife": {
    "criteria": {
      "has_stick": "2025-11-09 02:14:07 +0000"
    },
    "done": true
  },
  "minecraft:recipes/redstone/sticky_piston": {
    "criteria": {
      "has_slime_ball": "2025-11-09 02:29:35 +0000"
    },
    "done": true
  },
  "aquaculture:recipes/decorations/oak_fish_mount": {
    "criteria": {
      "has_items": "2025-11-09 01:57:51 +0000"
    },
    "done": true
  },
  "mcwfences:recipes/blackstone": {
    "criteria": {
      "has_blackstone": "2025-11-09 01:57:51 +0000"
    },
    "done": true
  },
  "furnish:recipes/furniture_workbench": {
    "criteria": {
      "has_logs": "2025-11-09 02:01:35 +0000"
    },
    "done": true
  },
  "tconstruct:world/earth_island": {
    "criteria": {
      "found_island": "2025-11-09 02:29:22 +0000"
    },
    "done": true
  },
  "minecraft:recipes/building_blocks/stone": {
    "criteria": {
      "has_cobblestone": "2025-11-09 02:15:46 +0000"
    },
    "done": true
  },
  "biomesoplenty:recipes/transportation/hellbark_boat": {
    "criteria": {
      "in_water": "2025-11-09 02:01:39 +0000"
    },
    "done": true
  },
  "aquaculture:recipes/decorations/dark_oak_fish_mount": {
    "criteria": {
      "has_items": "2025-11-09 01:57:51 +0000"
    },
    "done": true
  },
  "minecraft:adventure/adventuring_time": {
    "criteria": {
      "minecraft:beach": "2025-11-09 01:58:17 +0000",
      "minecraft:cold_ocean": "2025-11-09 02:29:22 +0000",
      "minecraft:plains": "2025-11-09 01:57:51 +0000"
    },
    "done": false
  },
  "byg:husbandry/root": {
    "criteria": {
      "consumed_item": "2025-11-09 02:19:00 +0000"
    },
    "done": true
  },
  "minecraft:recipes/decorations/purple_bed_from_white_bed": {
    "criteria": {
      "has_bed": "2025-11-09 02:24:51 +0000"
    },
    "done": true
  },
  "tropicraft:recipes/tropicraft/palm_planks": {
    "criteria": {
      "has_palm_log": "2025-11-09 02:04:38 +0000"
    },
    "done": true
  },
  "undergarden:recipes/undergarden_group/grongle_boat": {
    "criteria": {
      "in_water": "2025-11-09 02:01:39 +0000"
    },
    "done": true
  },
  "exoticbirds:recipes/phoenix_egg_from_cloud_phoenix": {
    "criteria": {
      "has_egg": "2025-11-09 01:57:51 +0000"
    },
    "done": true
  },
  "exoticbirds:recipes/jungle_birdcage": {
    "criteria": {
      "has_stick": "2025-11-09 02:14:07 +0000"
    },
    "done": true
  },
  "minecraft:recipes/combat/stone_sword": {
    "criteria": {
      "has_cobblestone": "2025-11-09 02:15:46 +0000"
    },
    "done": true
  },
  "minecraft:recipes/decorations/barrel": {
    "criteria": {
      "has_planks": "2025-11-09 02:02:55 +0000"
    },
    "done": true
  },
  "minecraft:recipes/decorations/cobblestone_wall": {
    "criteria": {
      "has_cobblestone": "2025-11-09 02:15:46 +0000"
    },
    "done": true
  },
  "minecraft:recipes/tools/stone_pickaxe": {
    "criteria": {
      "has_cobblestone": "2025-11-09 02:15:46 +0000"
    },
    "done": true
  },
  "croptopia:recipes/croptopia.croptopia/peach_sapling": {
    "criteria": {
      "has_peach": "2025-11-09 02:26:50 +0000"
    },
    "done": true
  },
  "exoticbirds:recipes/nest": {
    "criteria": {
      "has_stick": "2025-11-09 02:14:07 +0000"
    },
    "done": true
  },
  "croptopia:recipes/croptopia.croptopia/peach_jam": {
    "criteria": {
      "has_peach": "2025-11-09 02:26:50 +0000"
    },
    "done": true
  },
  "ageofweapons:grant_book_on_first_join": {
    "criteria": {
      "tick": "2025-11-09 01:57:51 +0000"
    },
    "done": true
  },
  "securitycraft:recipes/securitycraft/motion_activated_light": {
    "criteria": {
      "has_stick": "2025-11-09 02:14:07 +0000"
    },
    "done": true
  },
  "aquaculture:recipes/misc/bonemeal_from_fish_bones": {
    "criteria": {
      "has_items": "2025-11-09 01:57:51 +0000"
    },
    "done": true
  },
  "minecraft:recipes/transportation/jungle_boat": {
    "criteria": {
      "in_water": "2025-11-09 02:01:39 +0000"
    },
    "done": true
  },
  "minecraft:recipes/misc/red_dye_from_tulip": {
    "criteria": {
      "has_red_flower": "2025-11-09 02:21:41 +0000"
    },
    "done": true
  },
  "minecraft:recipes/decorations/cobblestone_wall_from_cobblestone_stonecutting": {
    "criteria": {
      "has_cobblestone": "2025-11-09 02:15:46 +0000"
    },
    "done": true
  },
  "aquaculture:recipes/misc/gold_nugget_from_blasting": {
    "criteria": {
      "has_fishing_rod": "2025-11-09 01:57:51 +0000",
      "has_fillet_knife": "2025-11-09 01:57:51 +0000"
    },
    "done": true
  },
  "croptopia:recipes/croptopia.croptopia/apple_sapling": {
    "criteria": {
      "has_apple": "2025-11-09 02:18:53 +0000"
    },
    "done": true
  },
  "mcwfences:recipes/acacia": {
    "criteria": {
      "has_acacia": "2025-11-09 01:57:51 +0000"
    },
    "done": true
  },
  "exoticbirds:recipes/phoenix_egg_from_snowy_phoenix": {
    "criteria": {
      "has_egg": "2025-11-09 01:57:51 +0000"
    },
    "done": true
  },
  "aquaculture:recipes/aquaculture/heavy_hook": {
    "criteria": {
      "has_items": "2025-11-09 01:57:51 +0000"
    },
    "done": true
  },
  "tconstruct:recipes/tconstruct/general/tables/pattern": {
    "criteria": {
      "has_item": "2025-11-09 02:14:07 +0000"
    },
    "done": true
  },
  "aquaculture:recipes/aquaculture/iron_hook": {
    "criteria": {
      "has_items": "2025-11-09 01:57:51 +0000"
    },
    "done": true
  },
  "darkerdepths:recipes/darkerdepths/silver_ingot": {
    "criteria": {
      "has_the_recipe": "2025-11-09 01:57:51 +0000"
    },
    "done": true
  },
  "minecraft:recipes/transportation/dark_oak_boat": {
    "criteria": {
      "in_water": "2025-11-09 02:01:39 +0000"
    },
    "done": true
  },
  "farmersdelight:recipes/farmersdelight/spruce_cabinet": {
    "criteria": {
      "has_spruce_trapdoor": "2025-11-09 02:21:47 +0000"
    },
    "done": true
  },
  "mcwtrpdoors:recipes/oak/oak_beach_trapdoor": {
    "criteria": {
      "has_logs": "2025-11-09 02:26:35 +0000"
    },
    "done": true
  },
  "aquaculture:recipes/aquaculture/double_hook": {
    "criteria": {
      "has_items": "2025-11-09 01:57:51 +0000"
    },
    "done": true
  },
  "minecraft:recipes/decorations/brown_bed_from_white_bed": {
    "criteria": {
      "has_bed": "2025-11-09 02:24:51 +0000"
    },
    "done": true
  },
  "croptopia:recipes/croptopia.croptopia/apple_juice": {
    "criteria": {
      "has_apple": "2025-11-09 02:18:53 +0000"
    },
    "done": true
  },
  "dungeons_arise:wda_root": {
    "criteria": {
      "WDA": "2025-11-09 01:57:51 +0000"
    },
    "done": true
  },
  "aquaculture:recipes/decorations/jungle_fish_mount": {
    "criteria": {
      "has_items": "2025-11-09 01:57:51 +0000"
    },
    "done": true
  },
  "fairylights:recipes/fairylights/triangle_pennant": {
    "criteria": {
      "has_paper": "2025-11-09 01:57:51 +0000"
    },
    "done": true
  },
  "minecraft:recipes/building_blocks/brick_slab": {
    "criteria": {
      "has_bricks": "2025-11-09 02:22:19 +0000"
    },
    "done": true
  },
  "minecraft:recipes/building_blocks/polished_granite": {
    "criteria": {
      "has_granite": "2025-11-09 02:23:57 +0000"
    },
    "done": true
  },
  "mcwfences:recipes/dark_oak": {
    "criteria": {
      "has_dark_oak": "2025-11-09 01:57:51 +0000"
    },
    "done": true
  },
  "exoticbirds:recipes/phoenix_egg_from_skeleton_phoenix": {
    "criteria": {
      "has_egg": "2025-11-09 01:57:51 +0000"
    },
    "done": true
  },
  "biomesoplenty:recipes/transportation/jacaranda_boat": {
    "criteria": {
      "in_water": "2025-11-09 02:01:39 +0000"
    },
    "done": true
  },
  "minecraft:recipes/building_blocks/stripped_spruce_wood": {
    "criteria": {
      "has_log": "2025-11-09 02:24:56 +0000"
    },
    "done": true
  },
  "minecraft:recipes/decorations/sandstone_wall": {
    "criteria": {
      "has_sandstone": "2025-11-09 02:14:58 +0000"
    },
    "done": true
  },
  "aquaculture:recipes/decorations/birch_fish_mount": {
    "criteria": {
      "has_items": "2025-11-09 01:57:50 +0000"
    },
    "done": true
  },
  "rootsclassic:recipes/rootsclassic/pestle": {
    "criteria": {
      "has_diorite": "2025-11-09 02:15:52 +0000"
    },
    "done": true
  },
  "mcwtrpdoors:recipes/oak/oak_paper_trapdoor": {
    "criteria": {
      "has_logs": "2025-11-09 02:26:35 +0000"
    },
    "done": true
  },
  "exoticbirds:recipes/egg_incubator": {
    "criteria": {
      "has_bucket": "2025-11-09 01:57:51 +0000",
      "has_flint": "2025-11-09 01:57:51 +0000"
    },
    "done": true
  },
  "exoticbirds:recipes/warped_birdcage": {
    "criteria": {
      "has_stick": "2025-11-09 02:14:07 +0000"
    },
    "done": true
  },
  "aquaculture:recipes/aquaculture/bobber": {
    "criteria": {
      "has_items": "2025-11-09 01:57:51 +0000"
    },
    "done": true
  },
  "minecraft:recipes/building_blocks/polished_diorite": {
    "criteria": {
      "has_diorite": "2025-11-09 02:15:52 +0000"
    },
    "done": true
  },
  "tconstruct:recipes/redstone/common/slime/sticky_piston": {
    "criteria": {
      "has_slime_ball": "2025-11-09 02:29:35 +0000"
    },
    "done": true
  },
  "minecraft:recipes/decorations/red_bed_from_white_bed": {
    "criteria": {
      "has_bed": "2025-11-09 02:24:51 +0000"
    },
    "done": true
  },
  "byg:biomepedia_gift": {
    "criteria": {
      "tick": "2025-11-09 01:57:51 +0000"
    },
    "done": true
  },
  "minecraft:recipes/decorations/soul_campfire": {
    "criteria": {
      "has_stick": "2025-11-09 02:14:07 +0000"
    },
    "done": true
  },
  "mcwtrpdoors:recipes/oak/oak_tropical_trapdoor": {
    "criteria": {
      "has_logs": "2025-11-09 02:26:35 +0000"
    },
    "done": true
  },
  "darkerdepths:recipes/darkerdepths/rope": {
    "criteria": {
      "has_the_recipe": "2025-11-09 01:57:51 +0000"
    },
    "done": true
  },
  "minecraft:recipes/tools/stone_axe": {
    "criteria": {
      "has_cobblestone": "2025-11-09 02:15:46 +0000"
    },
    "done": true
  },
  "darkerdepths:recipes/misc/silver_ingot_from_blasting": {
    "criteria": {
      "has_silver_ore": "2025-11-09 01:57:51 +0000"
    },
    "done": true
  },
  "meetyourfight:main/root": {
    "criteria": {
      "killed_by_something": "2025-11-09 02:03:49 +0000"
    },
    "done": true
  },
  "undergarden:recipes/decorations/torch_ditchbulb_paste": {
    "criteria": {
      "has_stick": "2025-11-09 02:14:07 +0000"
    },
    "done": true
  },
  "minecraft:recipes/decorations/light_gray_bed_from_white_bed": {
    "criteria": {
      "has_bed": "2025-11-09 02:24:51 +0000"
    },
    "done": true
  },
  "repurposed_structures:root": {
    "criteria": {
      "always": "2025-11-09 01:57:51 +0000"
    },
    "done": true
  },
  "mcwtrpdoors:recipes/oak/oak_mystic_trapdoor": {
    "criteria": {
      "has_logs": "2025-11-09 02:26:35 +0000"
    },
    "done": true
  },
  "croptopia:recipes/fruit_salad": {
    "criteria": {
      "has_apple": "2025-11-09 02:18:53 +0000"
    },
    "done": true
  },
  "DataVersion": 2975
}